Sequence,Length,Label
AE,2,1
RL,2,1
NY,2,1
DK,2,1
DD,2,1
DE,2,1
CE,2,1
EA,2,1
EN,2,1
ED,2,1
EE,2,1
EK,2,1
EP,2,1
ES,2,1
ET,2,1
GD,2,1
QP,2,1
KG,2,1
PE,2,1
TE,2,1
HS,2,1
VT,2,1
AEA,3,1
AED,3,1
ADA,3,1
ADE,3,1
DAG,3,1
DAE,3,1
DDD,3,1
DDE,3,1
DQR,3,1
DR,2,1
DED,3,1
DEE,3,1
DEL,3,1
NGG,3,1
DES,3,1
NNP,3,1
EDD,3,1
EDE,3,1
EDF,3,1
EDV,3,1
EDG,3,1
EQE,3,1
EEE,3,1
EED,3,1
EEL,3,1
EEK,3,1
ESV,3,1
EGS,3,1
GDG,3,1
GFP,3,1
LDL,3,1
LVG,3,1
PLA,3,1
PAQ,3,1
PGD,3,1
PSG,3,1
SEE,3,1
SPE,3,1
SFG,3,1
TAY,3,1
TPE,3,1
VAV,3,1
VDV,3,1
VEV,3,1
VES,3,1
VGG,3,1
VPY,3,1
AAPY,4,1
ESLA,4,1
EDQK,4,1
GGGE,4,1
GGPG,4,1
IQEL,4,1
LEQL,4,1
QEEK,4,1
NRTF,4,1
VEAL,4,1
AFDEK,5,1
EEDGK,5,1
EAGIQ,5,1
EQQQQ,5,1
LPEEV,5,1
CALTP,5,1
EESLA,5,1
EQEEK,5,1
VVGET,5,1
SAEQT,5,1
HCHTN,5,1
SEGGR,5,1
KSAEN,5,1
ALPAEV,6,1
NVVGET,6,1
CCNKSV,6,1
ENINEL,6,1
ALPEEV,6,1
TESSSE,6,1
KAPSTM,6,1
INEL,4,1
GPDPER,6,1
INKPGL,6,1
SDSCIR,6,1
QDSIGS,6,1
ADGLWL,6,1
GFLGPQ,6,1
WDDMEK,6,1
VADLMR,6,1
STELFK,6,1
DALKKK,6,1
KEMQKN,6,1
HNESQN,6,1
TGDPEK,6,1
KGGGGP,6,1
AHSVRFY,7,1
ASNMSDL,7,1
LQPLNAH,7,1
IQQDDCK,7,1
SEASNNK,7,1
IGPGLGR,7,1
AGDDAPR,7,1
KDGGGGK,7,1
AEASALR,7,1
LGDVLVR,7,1
FVGLQER,7,1
RGEPNND,7,1
AGAGPTP,7,1
VYETPDR,7,1
DAPYDYK,7,1
NQEGLFR,7,1
AQALQAQA,8,1
KGDEESLA,8,1
KGSLADEE,8,1
SLADEEKG,8,1
SLAKGDEE,8,1
YGGTPPFV,8,1
VAPEEHPT,8,1
FAGDDAPR,8,1
PECGLVVG,8,1
FADNVFAL,8,1
RPNPFENR,8,1
DPLRGGYY,8,1
QAEADMAR,8,1
HGEDKEGE,8,1
IPIPATKT,8,1
GRVSNCAA,8,1
QIEELEGK,8,1
TDVEQEGD,8,1
GLLPDGTPR,9,1
STMLLESER,9,1
LLLPGELAK,9,1
LLLPGELAF,9,1
PGPAGPAGP,9,1
GPAGPAGPR,9,1
MAASGDVGK,9,1
TREQMIHER,9,1
EGSTIGLSK,9,1
ANPGPVRDLR,10,1
QVAIAHRDAK,10,1
AGFAGDDAPR,10,1
GYSFTTTAER,10,1
GFSFTTTAER,10,1
VVLNPVARVE,10,1
LLDAFFFDNK,10,1
EATLWDMEEK,10,1
EMH,3,1
VEH,3,1
GLE,3,1
TGC,3,1
QL,2,1
PET,3,1
DEDFKREP,8,1
APA,3,1
DCG,3,1
LYER,4,1
VRSY,4,1
EHAMLN,6,1
EFKEYN,6,1
KGRYER,6,1
TLRRCM,6,1
DFKREP,6,1
DREKFDE,7,1
PGGVRNG,7,1
PVARMCR,7,1
NWDDMEK,7,1
EFEGGSIEH,9,1
YKCKDGDLR,9,1
ASLDGEFKG,9,1
DVNNPANQLD,10,1
AD,2,1
AH,2,1
DA,2,1
DL,2,1
EG,2,1
EL,2,1
EY,2,1
EV,2,1
GE,2,1
LE,2,1
LV,2,1
VD,2,1
VE,2,1
VG,2,1
VV,2,1
EGF,3,1
GEG,3,1
GGY,3,1
SEEK,4,1
RPLGNC,6,1
DEESLA,6,1
TYLPVH,6,1
PAATIPE,7,1
AGLQFPVGR,9,1
VLPTDQNFILR,11,1
MTNLLEDLSFR,11,1
LPLLEEAFLSR,11,1
MEREQEESTMR,11,1
VTADESQQDVLF,12,1
DAGVIAGLNVLR,12,1
NALKSVECYDAR,12,1
AKLTSLEEECQR,12,1
GFGDSCTPGKNER,13,1
YADSNIQINGTDR,13,1
YLASCLSSVKEEK,13,1
RGENESEEEGAIVT,14,1
AREIALQELGEQAK,14,1
EQLEATVQKLDESR,14,1
IMEALAGAGIDPRR,14,1
RGENESDEQGAIVT,14,1
GENEEEDSGAIVTVF,15,1
SGVVAAVNDAAKDFHG,16,1
VLSLNSGTEAVEAAIK,16,1
HV,2,1
KTGLSPDQF,9,1
KTDLNFENL,9,1
NNENQLDEYQR,11,1
ALASLDGEFKG,11,1
RLGSSEVEQVQ,11,1
GENEEEDSGAIVTVK,15,1
RD,2,1
DGV,3,1
AGPSIVH,7,1
IKDPHVD,7,1
TPPKID,6,1
LD,2,0
LEL,3,0
LM,2,0
RFPHADF,7,0
GY,2,0
NAL,3,0
ASEFFR,6,0
YGLF,4,0
IPAVF,5,0
LLF,3,0
YPFPGPIPN,9,0
FW,2,0
LLL,3,0
GL,2,0
GF,2,0
FL,2,0
PR,2,0
GR,2,0
YP,2,0
IV,2,0
KF,2,0
RG,2,0
RR,2,0
VI,2,0
PK,2,0
PP,2,0
LI,2,0
YG,2,0
VF,2,0
VY,2,0
KP,2,0
RF,2,0
YY,2,0
IF,2,0
RP,2,0
FI,2,0
YF,2,0
AV,2,0
VA,2,0
PA,2,0
ID,2,0
IE,2,0
IS,2,0
IT,2,0
IQ,2,0
SL,2,0
IN,2,0
WE,2,0
IK,2,0
AL,2,0
LA,2,0
PY,2,0
GW,2,0
PL,2,0
PI,2,0
IP,2,0
YL,2,0
LY,2,0
IW,2,0
FY,2,0
LW,2,0
WW,2,0
GV,2,0
LG,2,0
GP,2,0
AF,2,0
FG,2,0
IG,2,0
VL,2,0
PF,2,0
GI,2,0
LL,2,0
II,2,0
IL,2,0
FP,2,0
LF,2,0
FF,2,0
LGG,3,0
GGV,3,0
PGR,3,0
GPG,3,0
GYG,3,0
RGP,3,0
GLG,3,0
GGL,3,0
GGP,3,0
PGP,3,0
PPG,3,0
LLG,3,0
LGL,3,0
FGG,3,0
FPP,3,0
RRR,3,0
GFG,3,0
FFG,3,0
PPP,3,0
GGF,3,0
FGF,3,0
GRP,3,0
RPG,3,0
GFF,3,0
FFF,3,0
RRPPFF,6,0
RGPPFIV,7,0
RPPPFFF,7,0
RRPPPFFF,8,0
VYPFPPGINH,10,0
RPGFF,5,0
RPGGFF,6,0
FFRPFFRPFF,10,0
RPFG,4,0
GPFF,4,0
RGFF,4,0
RPGF,4,0
FFPR,4,0
GLL,3,0
GGGLG,5,0
GGLGG,5,0
LGGGG,5,0
GLGGG,5,0
GGGGL,5,0
GGLG,4,0
GLGG,4,0
LGGG,4,0
GGGL,4,0
LLLL,4,0
PGG,3,0
FPK,3,0
YGG,3,0
PPF,3,0
VIF,3,0
YGY,3,0
RRPFF,5,0
YYG,3,0
KPF,3,0
GYY,3,0
FPF,3,0
FFPP,4,0
GPPF,4,0
VYPFPPIGNH,10,0
VYPF,4,0
RPFF,4,0
RGPGPIIV,8,0
RPFFRPFF,8,0
PVRGPFPIIV,10,0
FGFG,4,0
FGGF,4,0
PVLGPV,6,0
PFPIIV,6,0
VIIPFPG,7,0
RGPFPIV,7,0
VIPFPGR,7,0
VIIPFPGR,8,0
GVV,3,0
FIV,3,0
RGPPGF,6,0
RRPPGF,6,0
RGPPFF,6,0
RGPPGGV,7,0
RGPPGIG,7,0
RGPPGGF,7,0
RGPPFGG,7,0
RGPPGFG,7,0
RGPPGFF,7,0
RGPPFFF,7,0
RGPPGGFF,8,0
RGPPGGGFF,9,0
RGPPF,5,0
PPFIV,5,0
GPPFIV,6,0
RPPFIV,6,0
RGPFIV,6,0
RGPPFI,6,0
PFIV,4,0
VIFPPG,6,0
VIFPPGR,7,0
FPPFIV,6,0
KPPFIV,6,0
GGRGPPFIV,9,0
RGPPFIVGG,9,0
VVV,3,0
GGVVV,5,0
FFPGG,5,0
GGFFGG,6,0
RPFFGG,6,0
FFGG,4,0
RRPP,4,0
FFPE,4,0
GGFF,4,0
FFPG,4,0
GGRPFFGG,8,0
VYP,3,0
KPK,3,0
PFP,3,0
YPF,3,0
PFPP,4,0
RGGFIV,6,0
RGPKPIIV,8,0
RGPPFIIV,8,0
RGPEPIIV,8,0
RGPFPIIV,8,0
VYPFPPG,7,0
VYPFPPGI,8,0
VYPFPPGIGG,10,0
VYPFGGGINH,10,0
EGG,3,0
DLL,3,0
ELL,3,0
PIP,3,0
PGPIP,5,0
PGPGPG,6,0
PFPGPI,6,0
PFPGPIP,7,0
YPFPGPI,7,0
CPR,3,0
SGVQ,4,0
CMT,3,0
AQ,2,0
PC,2,0
FEA,3,0
EVY,3,0
AGY,3,0
SEC,3,0
AEP,3,0
NTC,3,0
EVC,3,0
ENF,3,0
GGGS,4,0
APAP,4,0
RPFFRPFFRPFF,12,0
RGPPFIVRGPPFIV,14,0
PVLGPVRGPFPIIV,14,0
GGRGPPFIVGG,11,0
KGDEE,5,0
RPHR,4,0
RPWHR,5,0
HFR,3,0
RWDGRG,6,0
DF,2,0
DM,2,0
DMIPAQK,7,0
PVLVQR,6,0
APYLR,5,0
NALNDITSL,9,0
DDPKLVH,7,0
