Sequence,Length,Umami,Bitter,Sweet,Salty,Sour,Source
AE,2,1,1,0,0,0,TPDM_GitHub
RL,2,1,1,0,0,0,TPDM_GitHub
NY,2,1,1,0,0,0,TPDM_GitHub
DK,2,1,1,0,0,0,TPDM_GitHub
DD,2,1,1,0,0,0,TPDM_GitHub
DE,2,1,1,0,0,0,TPDM_GitHub
CE,2,1,1,0,0,0,TPDM_GitHub
EA,2,1,1,0,0,0,TPDM_GitHub
EN,2,1,1,0,0,0,TPDM_GitHub
ED,2,1,1,0,0,0,TPDM_GitHub
EE,2,1,1,0,0,0,TPDM_GitHub
EK,2,1,1,0,0,0,TPDM_GitHub
EP,2,1,1,0,0,0,TPDM_GitHub
ES,2,1,1,0,0,0,TPDM_GitHub
ET,2,1,1,0,0,0,TPDM_GitHub
GD,2,1,1,0,0,0,TPDM_GitHub
LD,2,0,0,0,0,0,TPDM_GitHub
QP,2,1,1,0,0,0,TPDM_GitHub
LEL,3,0,0,0,0,0,TPDM_GitHub
KG,2,1,1,0,0,0,TPDM_GitHub
PE,2,1,1,0,0,0,TPDM_GitHub
TE,2,1,1,0,0,0,TPDM_GitHub
HS,2,1,1,0,0,0,TPDM_GitHub
LM,2,0,0,0,0,0,TPDM_GitHub
VT,2,1,1,0,0,0,TPDM_GitHub
RFPHADF,7,0,0,0,0,0,TPDM_GitHub
AEA,3,1,1,0,0,0,TPDM_GitHub
AED,3,1,1,0,0,0,TPDM_GitHub
ADA,3,1,1,0,0,0,TPDM_GitHub
ADE,3,1,1,0,0,0,TPDM_GitHub
DAG,3,1,1,0,0,0,TPDM_GitHub
DAE,3,1,1,0,0,0,TPDM_GitHub
DDD,3,1,1,0,0,0,TPDM_GitHub
GY,2,0,0,0,0,0,TPDM_GitHub
DDE,3,1,1,0,0,0,TPDM_GitHub
DQR,3,1,1,0,0,0,TPDM_GitHub
DR,2,1,0,0,0,0,TPDM_GitHub
NAL,3,0,0,0,0,0,TPDM_GitHub
DED,3,1,1,0,0,0,TPDM_GitHub
DEE,3,1,1,0,0,0,TPDM_GitHub
ASEFFR,6,0,0,0,0,0,TPDM_GitHub
DEL,3,1,1,0,0,0,TPDM_GitHub
YGLF,4,0,0,0,0,0,TPDM_GitHub
NGG,3,1,1,0,0,0,TPDM_GitHub
IPAVF,5,0,0,0,0,0,TPDM_GitHub
DES,3,1,1,0,0,0,TPDM_GitHub
LLF,3,0,0,0,0,0,TPDM_GitHub
YPFPGPIPN,9,0,0,0,0,0,TPDM_GitHub
FW,2,0,0,0,0,0,TPDM_GitHub
NNP,3,1,1,0,0,0,TPDM_GitHub
LLL,3,0,0,0,0,0,TPDM_GitHub
GL,2,0,0,0,0,0,TPDM_GitHub
GF,2,0,0,0,0,0,TPDM_GitHub
EDD,3,1,1,0,0,0,TPDM_GitHub
FL,2,0,0,0,0,0,TPDM_GitHub
PR,2,0,0,0,0,0,TPDM_GitHub
EDE,3,1,1,0,0,0,TPDM_GitHub
EDF,3,1,1,0,0,0,TPDM_GitHub
EDV,3,1,1,0,0,0,TPDM_GitHub
EDG,3,1,1,0,0,0,TPDM_GitHub
EQE,3,1,1,0,0,0,TPDM_GitHub
GR,2,0,0,0,0,0,TPDM_GitHub
EEE,3,1,1,0,0,0,TPDM_GitHub
YP,2,0,0,0,0,0,TPDM_GitHub
IV,2,0,0,0,0,0,TPDM_GitHub
EED,3,1,1,0,0,0,TPDM_GitHub
KF,2,0,0,0,0,0,TPDM_GitHub
EEL,3,1,1,0,0,0,TPDM_GitHub
RG,2,0,0,0,0,0,TPDM_GitHub
RR,2,0,0,0,0,0,TPDM_GitHub
EEK,3,1,1,0,0,0,TPDM_GitHub
VI,2,0,0,0,0,0,TPDM_GitHub
ESV,3,1,1,0,0,0,TPDM_GitHub
EGS,3,1,1,0,0,0,TPDM_GitHub
PK,2,0,0,0,0,0,TPDM_GitHub
PP,2,0,0,0,0,0,TPDM_GitHub
LI,2,0,0,0,0,0,TPDM_GitHub
GDG,3,1,1,0,0,0,TPDM_GitHub
YG,2,0,0,0,0,0,TPDM_GitHub
GFP,3,1,1,0,0,0,TPDM_GitHub
LDL,3,1,1,0,0,0,TPDM_GitHub
LVG,3,1,1,0,0,0,TPDM_GitHub
PLA,3,1,1,0,0,0,TPDM_GitHub
PAQ,3,1,1,0,0,0,TPDM_GitHub
PGD,3,1,1,0,0,0,TPDM_GitHub
PSG,3,1,1,0,0,0,TPDM_GitHub
SEE,3,1,1,0,0,0,TPDM_GitHub
VF,2,0,0,0,0,0,TPDM_GitHub
SPE,3,1,1,0,0,0,TPDM_GitHub
SFG,3,1,1,0,0,0,TPDM_GitHub
TAY,3,1,1,0,0,0,TPDM_GitHub
TPE,3,1,1,0,0,0,TPDM_GitHub
VAV,3,1,1,0,0,0,TPDM_GitHub
VDV,3,1,1,0,0,0,TPDM_GitHub
VEV,3,1,1,0,0,0,TPDM_GitHub
VES,3,1,1,0,0,0,TPDM_GitHub
VY,2,0,0,0,0,0,TPDM_GitHub
VGG,3,1,1,0,0,0,TPDM_GitHub
KP,2,0,0,0,0,0,TPDM_GitHub
RF,2,0,0,0,0,0,TPDM_GitHub
VPY,3,1,1,0,0,0,TPDM_GitHub
YY,2,0,0,0,0,0,TPDM_GitHub
IF,2,0,0,0,0,0,TPDM_GitHub
AAPY,4,1,1,0,0,0,TPDM_GitHub
RP,2,0,0,0,0,0,TPDM_GitHub
FI,2,0,0,0,0,0,TPDM_GitHub
YF,2,0,0,0,0,0,TPDM_GitHub
AV,2,0,0,0,0,0,TPDM_GitHub
VA,2,0,0,0,0,0,TPDM_GitHub
PA,2,0,0,0,0,0,TPDM_GitHub
ID,2,0,0,0,0,0,TPDM_GitHub
ESLA,4,1,1,0,0,0,TPDM_GitHub
IE,2,0,0,0,0,0,TPDM_GitHub
EDQK,4,1,1,0,0,0,TPDM_GitHub
IS,2,0,0,0,0,0,TPDM_GitHub
GGGE,4,1,1,0,0,0,TPDM_GitHub
IT,2,0,0,0,0,0,TPDM_GitHub
IQ,2,0,0,0,0,0,TPDM_GitHub
SL,2,0,0,0,0,0,TPDM_GitHub
IN,2,0,0,0,0,0,TPDM_GitHub
GGPG,4,1,1,0,0,0,TPDM_GitHub
WE,2,0,0,0,0,0,TPDM_GitHub
IK,2,0,0,0,0,0,TPDM_GitHub
AL,2,0,0,0,0,0,TPDM_GitHub
LA,2,0,0,0,0,0,TPDM_GitHub
PY,2,0,0,0,0,0,TPDM_GitHub
GW,2,0,0,0,0,0,TPDM_GitHub
IQEL,4,1,1,0,0,0,TPDM_GitHub
PL,2,0,0,0,0,0,TPDM_GitHub
PI,2,0,0,0,0,0,TPDM_GitHub
IP,2,0,0,0,0,0,TPDM_GitHub
YL,2,0,0,0,0,0,TPDM_GitHub
LEQL,4,1,1,0,0,0,TPDM_GitHub
LY,2,0,0,0,0,0,TPDM_GitHub
IW,2,0,0,0,0,0,TPDM_GitHub
FY,2,0,0,0,0,0,TPDM_GitHub
LW,2,0,0,0,0,0,TPDM_GitHub
WW,2,0,0,0,0,0,TPDM_GitHub
QEEK,4,1,1,0,0,0,TPDM_GitHub
GV,2,0,0,0,0,0,TPDM_GitHub
LG,2,0,0,0,0,0,TPDM_GitHub
GP,2,0,0,0,0,0,TPDM_GitHub
AF,2,0,0,0,0,0,TPDM_GitHub
NRTF,4,1,1,0,0,0,TPDM_GitHub
FG,2,0,0,0,0,0,TPDM_GitHub
IG,2,0,0,0,0,0,TPDM_GitHub
VL,2,0,0,0,0,0,TPDM_GitHub
PF,2,0,0,0,0,0,TPDM_GitHub
GI,2,0,0,0,0,0,TPDM_GitHub
LL,2,0,0,0,0,0,TPDM_GitHub
VEAL,4,1,1,0,0,0,TPDM_GitHub
II,2,0,0,0,0,0,TPDM_GitHub
IL,2,0,0,0,0,0,TPDM_GitHub
FP,2,0,0,0,0,0,TPDM_GitHub
LF,2,0,0,0,0,0,TPDM_GitHub
FF,2,0,0,0,0,0,TPDM_GitHub
LGG,3,0,0,0,0,0,TPDM_GitHub
GGV,3,0,0,0,0,0,TPDM_GitHub
PGR,3,0,0,0,0,0,TPDM_GitHub
GPG,3,0,0,0,0,0,TPDM_GitHub
GYG,3,0,0,0,0,0,TPDM_GitHub
RGP,3,0,0,0,0,0,TPDM_GitHub
GLG,3,0,0,0,0,0,TPDM_GitHub
GGL,3,0,0,0,0,0,TPDM_GitHub
GGP,3,0,0,0,0,0,TPDM_GitHub
PGP,3,0,0,0,0,0,TPDM_GitHub
PPG,3,0,0,0,0,0,TPDM_GitHub
LLG,3,0,0,0,0,0,TPDM_GitHub
LGL,3,0,0,0,0,0,TPDM_GitHub
FGG,3,0,0,0,0,0,TPDM_GitHub
FPP,3,0,0,0,0,0,TPDM_GitHub
RRR,3,0,0,0,0,0,TPDM_GitHub
GFG,3,0,0,0,0,0,TPDM_GitHub
FFG,3,0,0,0,0,0,TPDM_GitHub
PPP,3,0,0,0,0,0,TPDM_GitHub
GGF,3,0,0,0,0,0,TPDM_GitHub
FGF,3,0,0,0,0,0,TPDM_GitHub
GRP,3,0,0,0,0,0,TPDM_GitHub
RPG,3,0,0,0,0,0,TPDM_GitHub
GFF,3,0,0,0,0,0,TPDM_GitHub
FFF,3,0,0,0,0,0,TPDM_GitHub
RRPPFF,6,0,0,0,0,0,TPDM_GitHub
RGPPFIV,7,0,0,0,0,0,TPDM_GitHub
RPPPFFF,7,0,0,0,0,0,TPDM_GitHub
RRPPPFFF,8,0,0,0,0,0,TPDM_GitHub
VYPFPPGINH,10,0,0,0,0,0,TPDM_GitHub
RPGFF,5,0,0,0,0,0,TPDM_GitHub
RPGGFF,6,0,0,0,0,0,TPDM_GitHub
FFRPFFRPFF,10,0,0,0,0,0,TPDM_GitHub
RPFG,4,0,0,0,0,0,TPDM_GitHub
GPFF,4,0,0,0,0,0,TPDM_GitHub
RGFF,4,0,0,0,0,0,TPDM_GitHub
RPGF,4,0,0,0,0,0,TPDM_GitHub
FFPR,4,0,0,0,0,0,TPDM_GitHub
GLL,3,0,0,0,0,0,TPDM_GitHub
GGGLG,5,0,0,0,0,0,TPDM_GitHub
GGLGG,5,0,0,0,0,0,TPDM_GitHub
LGGGG,5,0,0,0,0,0,TPDM_GitHub
GLGGG,5,0,0,0,0,0,TPDM_GitHub
GGGGL,5,0,0,0,0,0,TPDM_GitHub
GGLG,4,0,0,0,0,0,TPDM_GitHub
GLGG,4,0,0,0,0,0,TPDM_GitHub
LGGG,4,0,0,0,0,0,TPDM_GitHub
GGGL,4,0,0,0,0,0,TPDM_GitHub
LLLL,4,0,0,0,0,0,TPDM_GitHub
PGG,3,0,0,0,0,0,TPDM_GitHub
FPK,3,0,0,0,0,0,TPDM_GitHub
YGG,3,0,0,0,0,0,TPDM_GitHub
PPF,3,0,0,0,0,0,TPDM_GitHub
VIF,3,0,0,0,0,0,TPDM_GitHub
YGY,3,0,0,0,0,0,TPDM_GitHub
RRPFF,5,0,0,0,0,0,TPDM_GitHub
YYG,3,0,0,0,0,0,TPDM_GitHub
KPF,3,0,0,0,0,0,TPDM_GitHub
GYY,3,0,0,0,0,0,TPDM_GitHub
FPF,3,0,0,0,0,0,TPDM_GitHub
FFPP,4,0,0,0,0,0,TPDM_GitHub
GPPF,4,0,0,0,0,0,TPDM_GitHub
VYPFPPIGNH,10,0,0,0,0,0,TPDM_GitHub
VYPF,4,0,0,0,0,0,TPDM_GitHub
RPFF,4,0,0,0,0,0,TPDM_GitHub
RGPGPIIV,8,0,0,0,0,0,TPDM_GitHub
RPFFRPFF,8,0,0,0,0,0,TPDM_GitHub
PVRGPFPIIV,10,0,0,0,0,0,TPDM_GitHub
FGFG,4,0,0,0,0,0,TPDM_GitHub
FGGF,4,0,0,0,0,0,TPDM_GitHub
PVLGPV,6,0,0,0,0,0,TPDM_GitHub
PFPIIV,6,0,0,0,0,0,TPDM_GitHub
VIIPFPG,7,0,0,0,0,0,TPDM_GitHub
RGPFPIV,7,0,0,0,0,0,TPDM_GitHub
VIPFPGR,7,0,0,0,0,0,TPDM_GitHub
VIIPFPGR,8,0,0,0,0,0,TPDM_GitHub
GVV,3,0,0,0,0,0,TPDM_GitHub
FIV,3,0,0,0,0,0,TPDM_GitHub
RGPPGF,6,0,0,0,0,0,TPDM_GitHub
RRPPGF,6,0,0,0,0,0,TPDM_GitHub
RGPPFF,6,0,0,0,0,0,TPDM_GitHub
RGPPGGV,7,0,0,0,0,0,TPDM_GitHub
RGPPGIG,7,0,0,0,0,0,TPDM_GitHub
RGPPGGF,7,0,0,0,0,0,TPDM_GitHub
RGPPFGG,7,0,0,0,0,0,TPDM_GitHub
RGPPGFG,7,0,0,0,0,0,TPDM_GitHub
RGPPGFF,7,0,0,0,0,0,TPDM_GitHub
RGPPFFF,7,0,0,0,0,0,TPDM_GitHub
RGPPGGFF,8,0,0,0,0,0,TPDM_GitHub
RGPPGGGFF,9,0,0,0,0,0,TPDM_GitHub
RGPPF,5,0,0,0,0,0,TPDM_GitHub
PPFIV,5,0,0,0,0,0,TPDM_GitHub
GPPFIV,6,0,0,0,0,0,TPDM_GitHub
RPPFIV,6,0,0,0,0,0,TPDM_GitHub
RGPFIV,6,0,0,0,0,0,TPDM_GitHub
RGPPFI,6,0,0,0,0,0,TPDM_GitHub
PFIV,4,0,0,0,0,0,TPDM_GitHub
VIFPPG,6,0,0,0,0,0,TPDM_GitHub
VIFPPGR,7,0,0,0,0,0,TPDM_GitHub
FPPFIV,6,0,0,0,0,0,TPDM_GitHub
KPPFIV,6,0,0,0,0,0,TPDM_GitHub
GGRGPPFIV,9,0,0,0,0,0,TPDM_GitHub
RGPPFIVGG,9,0,0,0,0,0,TPDM_GitHub
VVV,3,0,0,0,0,0,TPDM_GitHub
GGVVV,5,0,0,0,0,0,TPDM_GitHub
FFPGG,5,0,0,0,0,0,TPDM_GitHub
GGFFGG,6,0,0,0,0,0,TPDM_GitHub
RPFFGG,6,0,0,0,0,0,TPDM_GitHub
FFGG,4,0,0,0,0,0,TPDM_GitHub
RRPP,4,0,0,0,0,0,TPDM_GitHub
FFPE,4,0,0,0,0,0,TPDM_GitHub
GGFF,4,0,0,0,0,0,TPDM_GitHub
FFPG,4,0,0,0,0,0,TPDM_GitHub
GGRPFFGG,8,0,0,0,0,0,TPDM_GitHub
VYP,3,0,0,0,0,0,TPDM_GitHub
KPK,3,0,0,0,0,0,TPDM_GitHub
PFP,3,0,0,0,0,0,TPDM_GitHub
YPF,3,0,0,0,0,0,TPDM_GitHub
PFPP,4,0,0,0,0,0,TPDM_GitHub
RGGFIV,6,0,0,0,0,0,TPDM_GitHub
RGPKPIIV,8,0,0,0,0,0,TPDM_GitHub
RGPPFIIV,8,0,0,0,0,0,TPDM_GitHub
RGPEPIIV,8,0,0,0,0,0,TPDM_GitHub
RGPFPIIV,8,0,0,0,0,0,TPDM_GitHub
VYPFPPG,7,0,0,0,0,0,TPDM_GitHub
VYPFPPGI,8,0,0,0,0,0,TPDM_GitHub
VYPFPPGIGG,10,0,0,0,0,0,TPDM_GitHub
VYPFGGGINH,10,0,0,0,0,0,TPDM_GitHub
EGG,3,0,0,0,0,0,TPDM_GitHub
DLL,3,0,0,0,0,0,TPDM_GitHub
ELL,3,0,0,0,0,0,TPDM_GitHub
PIP,3,0,0,0,0,0,TPDM_GitHub
PGPIP,5,0,0,0,0,0,TPDM_GitHub
PGPGPG,6,0,0,0,0,0,TPDM_GitHub
PFPGPI,6,0,0,0,0,0,TPDM_GitHub
PFPGPIP,7,0,0,0,0,0,TPDM_GitHub
YPFPGPI,7,0,0,0,0,0,TPDM_GitHub
AFDEK,5,1,1,0,0,0,TPDM_GitHub
EEDGK,5,1,1,0,0,0,TPDM_GitHub
EAGIQ,5,1,1,0,0,0,TPDM_GitHub
EQQQQ,5,1,1,0,0,0,TPDM_GitHub
LPEEV,5,1,1,0,0,0,TPDM_GitHub
CALTP,5,1,1,0,0,0,TPDM_GitHub
EESLA,5,1,1,0,0,0,TPDM_GitHub
EQEEK,5,1,1,0,0,0,TPDM_GitHub
VVGET,5,1,1,0,0,0,TPDM_GitHub
SAEQT,5,1,1,0,0,0,TPDM_GitHub
HCHTN,5,1,1,0,0,0,TPDM_GitHub
SEGGR,5,1,1,0,0,0,TPDM_GitHub
KSAEN,5,1,1,0,0,0,TPDM_GitHub
ALPAEV,6,1,1,0,0,0,TPDM_GitHub
NVVGET,6,1,1,0,0,0,TPDM_GitHub
CCNKSV,6,1,1,0,0,0,TPDM_GitHub
ENINEL,6,1,1,0,0,0,TPDM_GitHub
ALPEEV,6,1,1,0,0,0,TPDM_GitHub
TESSSE,6,1,1,0,0,0,TPDM_GitHub
KAPSTM,6,1,1,0,0,0,TPDM_GitHub
INEL,4,1,1,0,0,0,TPDM_GitHub
GPDPER,6,1,1,0,0,0,TPDM_GitHub
INKPGL,6,1,1,0,0,0,TPDM_GitHub
SDSCIR,6,1,1,0,0,0,TPDM_GitHub
QDSIGS,6,1,1,0,0,0,TPDM_GitHub
ADGLWL,6,1,1,0,0,0,TPDM_GitHub
GFLGPQ,6,1,1,0,0,0,TPDM_GitHub
WDDMEK,6,1,1,0,0,0,TPDM_GitHub
VADLMR,6,1,1,0,0,0,TPDM_GitHub
STELFK,6,1,1,0,0,0,TPDM_GitHub
DALKKK,6,1,1,0,0,0,TPDM_GitHub
KEMQKN,6,1,1,0,0,0,TPDM_GitHub
HNESQN,6,1,1,0,0,0,TPDM_GitHub
TGDPEK,6,1,1,0,0,0,TPDM_GitHub
KGGGGP,6,1,1,0,0,0,TPDM_GitHub
AHSVRFY,7,1,1,0,0,0,TPDM_GitHub
ASNMSDL,7,1,1,0,0,0,TPDM_GitHub
LQPLNAH,7,1,1,0,0,0,TPDM_GitHub
IQQDDCK,7,1,1,0,0,0,TPDM_GitHub
SEASNNK,7,1,1,0,0,0,TPDM_GitHub
IGPGLGR,7,1,1,0,0,0,TPDM_GitHub
AGDDAPR,7,1,1,0,0,0,TPDM_GitHub
KDGGGGK,7,1,1,0,0,0,TPDM_GitHub
AEASALR,7,1,1,0,0,0,TPDM_GitHub
LGDVLVR,7,1,1,0,0,0,TPDM_GitHub
FVGLQER,7,1,1,0,0,0,TPDM_GitHub
RGEPNND,7,1,1,0,0,0,TPDM_GitHub
AGAGPTP,7,1,1,0,0,0,TPDM_GitHub
VYETPDR,7,1,1,0,0,0,TPDM_GitHub
DAPYDYK,7,1,1,0,0,0,TPDM_GitHub
NQEGLFR,7,1,1,0,0,0,TPDM_GitHub
AQALQAQA,8,1,1,0,0,0,TPDM_GitHub
KGDEESLA,8,1,1,0,0,0,TPDM_GitHub
KGSLADEE,8,1,1,0,0,0,TPDM_GitHub
SLADEEKG,8,1,1,0,0,0,TPDM_GitHub
SLAKGDEE,8,1,1,0,0,0,TPDM_GitHub
YGGTPPFV,8,1,1,0,0,0,TPDM_GitHub
VAPEEHPT,8,1,1,0,0,0,TPDM_GitHub
FAGDDAPR,8,1,1,0,0,0,TPDM_GitHub
PECGLVVG,8,1,1,0,0,0,TPDM_GitHub
FADNVFAL,8,1,1,0,0,0,TPDM_GitHub
RPNPFENR,8,1,1,0,0,0,TPDM_GitHub
DPLRGGYY,8,1,1,0,0,0,TPDM_GitHub
QAEADMAR,8,1,1,0,0,0,TPDM_GitHub
HGEDKEGE,8,1,1,0,0,0,TPDM_GitHub
IPIPATKT,8,1,1,0,0,0,TPDM_GitHub
GRVSNCAA,8,1,1,0,0,0,TPDM_GitHub
QIEELEGK,8,1,1,0,0,0,TPDM_GitHub
TDVEQEGD,8,1,1,0,0,0,TPDM_GitHub
GLLPDGTPR,9,1,1,0,0,0,TPDM_GitHub
STMLLESER,9,1,1,0,0,0,TPDM_GitHub
LLLPGELAK,9,1,1,0,0,0,TPDM_GitHub
LLLPGELAF,9,1,1,0,0,0,TPDM_GitHub
PGPAGPAGP,9,1,1,0,0,0,TPDM_GitHub
GPAGPAGPR,9,1,1,0,0,0,TPDM_GitHub
MAASGDVGK,9,1,1,0,0,0,TPDM_GitHub
TREQMIHER,9,1,1,0,0,0,TPDM_GitHub
EGSTIGLSK,9,1,1,0,0,0,TPDM_GitHub
ANPGPVRDLR,10,1,1,0,0,0,TPDM_GitHub
QVAIAHRDAK,10,1,1,0,0,0,TPDM_GitHub
AGFAGDDAPR,10,1,1,0,0,0,TPDM_GitHub
GYSFTTTAER,10,1,1,0,0,0,TPDM_GitHub
GFSFTTTAER,10,1,1,0,0,0,TPDM_GitHub
VVLNPVARVE,10,1,1,0,0,0,TPDM_GitHub
LLDAFFFDNK,10,1,1,0,0,0,TPDM_GitHub
EATLWDMEEK,10,1,1,0,0,0,TPDM_GitHub
EMH,3,1,1,0,0,0,TPDM_GitHub
VEH,3,1,1,0,0,0,TPDM_GitHub
GLE,3,1,1,0,0,0,TPDM_GitHub
TGC,3,1,1,0,0,0,TPDM_GitHub
QL,2,1,1,0,0,0,TPDM_GitHub
PET,3,1,1,0,0,0,TPDM_GitHub
DEDFKREP,8,1,1,0,0,0,TPDM_GitHub
APA,3,1,1,0,0,0,TPDM_GitHub
DCG,3,1,1,0,0,0,TPDM_GitHub
LYER,4,1,1,0,0,0,TPDM_GitHub
VRSY,4,1,1,0,0,0,TPDM_GitHub
EHAMLN,6,1,1,0,0,0,TPDM_GitHub
EFKEYN,6,1,1,0,0,0,TPDM_GitHub
KGRYER,6,1,1,0,0,0,TPDM_GitHub
TLRRCM,6,1,1,0,0,0,TPDM_GitHub
DFKREP,6,1,1,0,0,0,TPDM_GitHub
DREKFDE,7,1,1,0,0,0,TPDM_GitHub
PGGVRNG,7,1,1,0,0,0,TPDM_GitHub
PVARMCR,7,1,1,0,0,0,TPDM_GitHub
NWDDMEK,7,1,1,0,0,0,TPDM_GitHub
EFEGGSIEH,9,1,1,0,0,0,TPDM_GitHub
YKCKDGDLR,9,1,1,0,0,0,TPDM_GitHub
ASLDGEFKG,9,1,1,0,0,0,TPDM_GitHub
DVNNPANQLD,10,1,1,0,0,0,TPDM_GitHub
AD,2,1,0,0,0,0,TPDM_GitHub
AH,2,1,0,0,0,0,TPDM_GitHub
DA,2,1,0,0,0,0,TPDM_GitHub
DL,2,1,0,0,0,0,TPDM_GitHub
EG,2,1,0,0,0,0,TPDM_GitHub
EL,2,1,0,0,0,0,TPDM_GitHub
EY,2,1,0,0,0,0,TPDM_GitHub
EV,2,1,0,0,0,0,TPDM_GitHub
GE,2,1,0,0,0,0,TPDM_GitHub
LE,2,1,0,0,0,0,TPDM_GitHub
CPR,3,0,1,0,0,0,TPDM_GitHub
LV,2,1,0,0,0,0,TPDM_GitHub
SGVQ,4,0,1,0,0,0,TPDM_GitHub
CMT,3,0,1,0,0,0,TPDM_GitHub
VD,2,1,0,0,0,0,TPDM_GitHub
AQ,2,0,1,0,0,0,TPDM_GitHub
PC,2,0,1,0,0,0,TPDM_GitHub
VE,2,1,0,0,0,0,TPDM_GitHub
FEA,3,0,1,0,0,0,TPDM_GitHub
VG,2,1,0,0,0,0,TPDM_GitHub
VV,2,1,0,0,0,0,TPDM_GitHub
EVY,3,0,1,0,0,0,TPDM_GitHub
AGY,3,0,1,0,0,0,TPDM_GitHub
SEC,3,0,1,0,0,0,TPDM_GitHub
AEP,3,0,1,0,0,0,TPDM_GitHub
NTC,3,0,1,0,0,0,TPDM_GitHub
EVC,3,0,1,0,0,0,TPDM_GitHub
ENF,3,0,1,0,0,0,TPDM_GitHub
GGGS,4,0,1,0,0,0,TPDM_GitHub
EGF,3,1,0,0,0,0,TPDM_GitHub
GEG,3,1,0,0,0,0,TPDM_GitHub
GGY,3,1,0,0,0,0,TPDM_GitHub
SEEK,4,1,0,0,0,0,TPDM_GitHub
APAP,4,0,1,0,0,0,TPDM_GitHub
RPFFRPFFRPFF,12,0,0,0,0,0,TPDM_GitHub
RGPPFIVRGPPFIV,14,0,0,0,0,0,TPDM_GitHub
PVLGPVRGPFPIIV,14,0,0,0,0,0,TPDM_GitHub
GGRGPPFIVGG,11,0,0,0,0,0,TPDM_GitHub
KGDEE,5,0,1,0,0,0,TPDM_GitHub
RPLGNC,6,1,0,0,0,0,TPDM_GitHub
DEESLA,6,1,0,0,0,0,TPDM_GitHub
TYLPVH,6,1,0,0,0,0,TPDM_GitHub
PAATIPE,7,1,0,0,0,0,TPDM_GitHub
AGLQFPVGR,9,1,0,0,0,0,TPDM_GitHub
VLPTDQNFILR,11,1,1,0,0,0,TPDM_GitHub
MTNLLEDLSFR,11,1,1,0,0,0,TPDM_GitHub
LPLLEEAFLSR,11,1,1,0,0,0,TPDM_GitHub
MEREQEESTMR,11,1,1,0,0,0,TPDM_GitHub
VTADESQQDVLF,12,1,1,0,0,0,TPDM_GitHub
DAGVIAGLNVLR,12,1,1,0,0,0,TPDM_GitHub
NALKSVECYDAR,12,1,1,0,0,0,TPDM_GitHub
AKLTSLEEECQR,12,1,1,0,0,0,TPDM_GitHub
GFGDSCTPGKNER,13,1,1,0,0,0,TPDM_GitHub
YADSNIQINGTDR,13,1,1,0,0,0,TPDM_GitHub
YLASCLSSVKEEK,13,1,1,0,0,0,TPDM_GitHub
RGENESEEEGAIVT,14,1,1,0,0,0,TPDM_GitHub
AREIALQELGEQAK,14,1,1,0,0,0,TPDM_GitHub
EQLEATVQKLDESR,14,1,0,0,0,0,TPDM_GitHub
IMEALAGAGIDPRR,14,1,1,0,0,0,TPDM_GitHub
RGENESDEQGAIVT,14,1,1,0,0,0,TPDM_GitHub
GENEEEDSGAIVTVF,15,1,0,0,0,0,TPDM_GitHub
SGVVAAVNDAAKDFHG,16,1,1,0,0,0,TPDM_GitHub
VLSLNSGTEAVEAAIK,16,1,1,0,0,0,TPDM_GitHub
HV,2,1,0,0,0,0,TPDM_GitHub
KTGLSPDQF,9,1,0,0,0,0,TPDM_GitHub
KTDLNFENL,9,1,0,0,0,0,TPDM_GitHub
NNENQLDEYQR,11,1,1,0,0,0,TPDM_GitHub
ALASLDGEFKG,11,1,1,0,0,0,TPDM_GitHub
RLGSSEVEQVQ,11,1,0,0,0,0,TPDM_GitHub
GENEEEDSGAIVTVK,15,1,1,0,0,0,TPDM_GitHub
RPHR,4,0,0,0,0,0,TPDM_GitHub
RPWHR,5,0,0,0,0,0,TPDM_GitHub
HFR,3,0,0,0,0,0,TPDM_GitHub
RWDGRG,6,0,1,0,0,0,TPDM_GitHub
RD,2,1,1,0,0,0,TPDM_GitHub
DGV,3,1,1,0,0,0,TPDM_GitHub
DF,2,0,0,0,0,0,TPDM_GitHub
DM,2,0,0,0,0,0,TPDM_GitHub
AGPSIVH,7,1,1,0,0,0,TPDM_GitHub
DMIPAQK,7,0,1,0,0,0,TPDM_GitHub
IKDPHVD,7,1,1,0,0,0,TPDM_GitHub
PVLVQR,6,0,1,0,0,0,TPDM_GitHub
APYLR,5,0,0,0,0,0,TPDM_GitHub
TPPKID,6,1,1,0,0,0,TPDM_GitHub
NALNDITSL,9,0,1,0,0,0,TPDM_GitHub
DDPKLVH,7,0,0,0,0,0,TPDM_GitHub
